username,query_counts
ノマー Nomar【ELDR】 #522 (964397295309303879),802
【IHS】ナツハヤスミ (1258930499922165785),315
あきつかmama 522/Ff3q/R4 (1254768991692652576),173
Pie aka パイ (Ff3 R4) (1171980860921221233),151
［#522 LNya］のんこつ (1271096171191865358),147
【#522.IHs.R5】 いのべ (1258265707905290300),130
522 NK4盟主 たかはぴ (1279637648620781580),107
やむ#522[Rgg] (1342069671267930133),106
harka3【#522 faro R5】 (1271980114300895245),91
ゆそまる［ELDR］ (1260516234638790707),79
(522toy)てと_Teto (1271496741098623110),72
wspie (1171980860921221233),63
thelegendbigfoot (796854997332656140),62
#522まそだみR５【Foorinz、R5】 (1352398487903404068),59
蔵屋敷かがや /3BC/R4 (1382932285501734952),59
【#522   75t】ひでペンギンR4 (1240582359632580628),50
あきつかmama 522/3qw/R4 (1254768991692652576),49
hOPE#ジン#522 (1260921599209635873),43
おぱぴ/522/GUM/R4 (1033355969192796210),36
うーにゃ(unya)/522/faro/R4 (1271975510766915606),34
チーハン∕AKHT (1259143238221299825),33
[LNya]しびっく (777508645125488650),32
あきつかmama 3QF 522 (1254768991692652576),32
totozi/522/Kt7/R5 (1275366574328643635),30
【522 Lien 】ころぴこR5 (1266795276837064704),30
【IHS】ぴえんち (325830583697670145),29
【toy】522  ふぅみ (1258992970456236065),26
うみぴん(IHs) (1245011023786676278),26
けけまりお (1271509976673812514),25
Pie aka パイ (3qw R4) (1171980860921221233),24
mii1123【Bkgd】 (1080044021843492944),23
蔵屋敷かがや /3BC_R4/522 (1382932285501734952),21
たかはぴ【NK4】#522 (1279637648620781580),20
勇者とき♪ (1427664906337124357),19
chz チーズ (243611439787409408),18
ぽとすpotosu/Rgg (1269161441970098248),18
［#522 Lnya］のんこつ (1271096171191865358),17
Pie [3QW] #522 (1171980860921221233),14
harka3【#522 faro】 (1271980114300895245),14
キーオ7 (1243209450093809751),14
チーハン∕AMl (1259143238221299825),14
soraiisora【tktk】522 (1082155736500535367),13
なお衛門 (1240558242212483113),13
【hTk】TAくん (326261446327533568),12
たまちゃん【IHS】 (1287267608852434955),12
ハッピーFT AUBおじクラ (1215919525837410356),12
mii1123【NiWa】 (1080044021843492944),11
qnomad (1177007683166019588),11
うみPinky【IHs】#522 (1245011023786676278),11
けけ【522】【ELDR】 (1271509976673812514),11
やるるん (1238035937070420009),11
Buffalo (1152287249900253287),10
R4 tomokiyo (1390985938582241340),10
くらっちょ@Nk4 (1242950424219095183),10
#522まそだみR５【風林火山】 (1352398487903404068),9
スムスム【GUM】 (1287743023719125005),9
パピヨン二世アラカルト (1271509976673812514),9
Izzy_D (1244737226928296019),8
soraiisora (1082155736500535367),8
【Bkgd】ナツハヤスミ (1258930499922165785),8
なんぷ (1275786177630441633),8
コーノギアス【9ex】 (1354441697010122802),8
ソライ (1082155736500535367),8
ナツハヤスミ【Bkgd】#522 (1258930499922165785),8
ハルカ haru【faro】#522 (1271980114300895245),8
灰色銀貨 Nk4 (1270361336236478489),8
Thank you 尾肩 Yumbo/522/Rgg/R4 (436700248736399361),7
こきん太/522/GUM/R4 (1286095621886840965),7
ろく介/hope (1242454238991486986),7
ホゲホゲ (1285569314434584710),7
ホープヤオ (1254055401691938828),7
［#522 onmi］R5 のんこつ (1271096171191865358),7
crutcho35 (1242950424219095183),6
【 p7g/R4 】まる大魔王 (1327674267168411690),6
あぁーやん (1267804488673001525),6
Mうが (1251389529529778236),5
xxxKRATOSxxx (3QW) #522 (756707892828176426),5
yuka1126mhf (1260863081853227101),5
タルヴォス【IHS】#522 (575261129421619210),5
ヨナちん (1240653526284107790),5
長い猫 Long Cat@LNya/NyaL (902878159786082344),5
#522(GUM)ズラー (1327625445805658154),4
Mao2 Lnya＆Nyal (758623127894360086),4
Techman16 (671536896282853378),4
mo-guri (1276813115685867553),4
けむし【522】【ELDR】盟主 (1271509976673812514),4
ころぴこ【Lien 】#522 (1266795276837064704),4
ゆこの (1261637286206902296),4
ろく介 【hope】#522 (1242454238991486986),4
チーハン【AMl】#522 (1259143238221299825),4
蔵屋敷かがや /3BC (1382932285501734952),4
522ELDRけけ (1271509976673812514),3
AUB おじクラ（代理） (1390985938582241340),3
Mao2【Lnya】 (758623127894360086),3
TAくん（hTk）#522 (326261446327533568),3
【IHs】pienchi (325830583697670145),3
さんLINE (1265838085938086011),3
ぜがい (1268702742499557458),3
てと_Teto【toy】#522 (1271496741098623110),3
ぽん×ぽん【ELDR】 #522 (1465881346139226222),3
まお【NyaP】R4 #522 (758623127894360086),3
まそだみ【Foorinz】#522 (1352398487903404068),3
カピバラ隊長 (1323460847473004609),3
キーオ7【54j】#522 (1243209450093809751),3
灰色銀貨 Nk4 522 (1270361336236478489),3
長い猫 Long Cat@Nyn9 (902878159786082344),3
445yoshiko (1240630891668177034),2
522【3BC】たつ３ (1010159209360408736),2
ArajinNeo[GUM] (1243326760867594323),2
J double［ELDR］#522 (1240630275193438312),2
Larrytate274 (1249442006372192328),2
M-NAOKI (1240577246272557082),2
ZGE20W (1242690083270955109),2
bbkc0537 (1282669940276727917),2
enabledbrain (902878159786082344),2
hirokomama (1240576827349532743),2
masashi3939 (1287441360944762993),2
peeorinaceu (1239611704233562163),2
rin (1239611704233562163),2
thirdplan (239902449903730688),2
yonakisuke (1240653526284107790),2
【#522   Lety】ひでペンギンR5 (1240582359632580628),2
【GUM】れんれん#522 (1288400694138638368),2
あきら100パー 【faro】 (1272187124833325067),2
きんヤオ(hope) (1254055401691938828),2
ちょい熱【522】 (1268162502366068820),2
てんそば (1312284132868362340),2
どぎもっち (1240559414684155908),2
ぽとす　faro (1269161441970098248),2
まいマーボー (1383620022873751563),2
まつさゆ　522のアイドル (1245679996605956148),2
みよたん（522ほぺ） (1245625846794817569),2
れおぱる[9eX] (1295711098846318635),2
れんれん【GUM】#522 (1288400694138638368),2
アラジンNEO (1243326760867594323),2
スムスム (1287743023719125005),2
チーハン【#522/AKHT/R5】 (1259143238221299825),2
リツ坊 (1242744017708650557),2
大人の夜遊び (1285599985823645738),2
長い猫 Long Cat@NyaP (902878159786082344),2
鷹の団 (1422021262146015234),2
#522 (IHs)ゆたモン (1276219516149432436),1
ANX (1260211969059721241),1
CarlosVC (1279995727400931360),1
CarlosVC {3WQ} 522 (1279995727400931360),1
Demon Kǐng [3WQ] #522 (560071462766247936),1
DsFIELD (1295958821432463384),1
Hoppe (925016111408365618),1
JADE (1298109417857748992),1
KelseyQP (1240562377787703318),1
KelseyQP [3QW] 522 (1240562377787703318),1
Kratos (756707892828176426),1
Moff (1301578034939301889),1
NiF (523554615799709696),1
OPOTUNiii (1360401700095000687),1
Rudeboi77#7786 (582706845861281799),1
Trogdor Ranger (3QW) #522 (788471619914956821),1
Yumbo Frog 肩/522/Rgg/R4 (436700248736399361),1
Z750FX3 （522 WxW R4） (1284812916410941524),1
Z750FX3 （522 forz R4） (1284812916410941524),1
[499][xfd]ライ (1074443837377884360),1
[FdA] Demon Kǐng - 519 (560071462766247936),1
[Kkz]鬼哭啾々 (1240575676755480576),1
buffalo2007_31657 (1152287249900253287),1
buppmard_39300 (1271975510766915606),1
butter2113. (1284713920010915902),1
dogimotti_55828 (1240559414684155908),1
jade_rni (1298109417857748992),1
kintaro314_49898 (1254479385763774566),1
ojunちゃんo[IHs] (1240842850644660306),1
psy_180sx (1241685389316456531),1
ronniemayo (764562070434873374),1
xxxKRATOSxxx (6Wq) #522 (756707892828176426),1
yama-chi (1264937817948033059),1
yuka1126mhf/ELDR/#522 (1260863081853227101),1
【522 75t】Tomo (1284105196276023298),1
【54j】勇者とき♪ (1427664906337124357),1
【ELDR】乃碧 @522 (988212789128613958),1
【LbL】umeじゅーす (1295704832384045079),1
あちてのサブ (1245679996605956148),1
くらっちょ[Nk4]522 (1242950424219095183),1
こりき (1434790655137157223),1
ごう (1277094821068279901),1
さらっぴょ(3qw) (1271573232369270904),1
つらを (1283995501187960902),1
てと_Teto【Lety】#522 (1271496741098623110),1
なりーヌ (1265910834501255178),1
はく (997619026824024175),1
はるか haru【faro】#522 (1271980114300895245),1
ぴっぴ隊（Db1） (1251503602422517869),1
ぴっぴ隊（faro） (1251503602422517869),1
まこっち (1262652813033476147),1
まる大魔王 (1327674267168411690),1
ゆこの【Rgg】(522) (1261637286206902296),1
ゆそまる (1260516234638790707),1
ゆーま09 (1258428772202451029),1
イロト (1255274366338465854),1
カフェタレス (1378042319349223505),1
ギアス (1354441697010122802),1
ポチョムキン1&2 (924306845831684096),1
ヤオ (1254055401691938828),1
ヤッテルなんさん (1258800442457063464),1
ライ522 (1074443837377884360),1
七宝ちゃん (1023561440528978010),1
夜 (969186232024322068),1
暴君指揮官 (698765030493257729),1
澪にゃん (1239009711257292811),1
藤娘お銀 (1282331754559967394),1
貴族さんLINE (1265838085938086011),1
😊 (1431231259086164060),1
